,Name,Author,User Rating,Reviews,Price,Year,Genre,Genre_bin,tokens
0,10-Day Green Smoothie Cleanse,JJ Smith,4.7,17350,8,2016,Non Fiction,0,"['10-day', 'green', 'smoothie', 'cleanse']"
1,11/22/63: A Novel,Stephen King,4.6,2052,22,2011,Fiction,1,"['11/22/63', 'novel']"
2,12 Rules for Life: An Antidote to Chaos,Jordan B. Peterson,4.7,18979,15,2018,Non Fiction,0,"['12', 'rules', 'life', 'antidote', 'chaos']"
3,1984 (Signet Classics),George Orwell,4.7,21424,6,2017,Fiction,1,"['1984', 'signet', 'classics']"
4,"5,000 Awesome Facts (About Everything!) (National Geographic Kids)",National Geographic Kids,4.8,7665,12,2019,Non Fiction,0,"['5,000', 'awesome', 'facts', 'everything', 'national', 'geographic', 'kids']"
5,A Dance with Dragons (A Song of Ice and Fire),George R. R. Martin,4.4,12643,11,2011,Fiction,1,"['dance', 'dragons', 'song', 'ice', 'fire']"
6,A Game of Thrones / A Clash of Kings / A Storm of Swords / A Feast of Crows / A Dance with Dragons,George R. R. Martin,4.7,19735,30,2014,Fiction,1,"['game', 'thrones', 'clash', 'kings', 'storm', 'swords', 'feast', 'crows', 'dance', 'dragons']"
7,A Gentleman in Moscow: A Novel,Amor Towles,4.7,19699,15,2017,Fiction,1,"['gentleman', 'moscow', 'novel']"
8,"A Higher Loyalty: Truth, Lies, and Leadership",James Comey,4.7,5983,3,2018,Non Fiction,0,"['higher', 'loyalty', 'truth', 'lies', 'leadership']"
9,A Man Called Ove: A Novel,Fredrik Backman,4.6,23848,8,2017,Fiction,1,"['man', 'called', 'ove', 'novel']"
10,A Patriot's History of the United States: From Columbus's Great Discovery to the War on Terror,Larry Schweikart,4.6,460,2,2010,Non Fiction,0,"['patriot', ""'s"", 'history', 'united', 'states', 'columbus', ""'s"", 'great', 'discovery', 'war', 'terror']"
11,A Stolen Life: A Memoir,Jaycee Dugard,4.6,4149,32,2011,Non Fiction,0,"['stolen', 'life', 'memoir']"
12,A Wrinkle in Time (Time Quintet),Madeleine L'Engle,4.5,5153,5,2018,Fiction,1,"['wrinkle', 'time', 'time', 'quintet']"
13,"Act Like a Lady, Think Like a Man: What Men Really Think About Love, Relationships, Intimacy, and Commitment",Steve Harvey,4.6,5013,17,2009,Non Fiction,0,"['act', 'like', 'lady', 'think', 'like', 'man', 'men', 'really', 'think', 'love', 'relationships', 'intimacy', 'commitment']"
14,"Adult Coloring Book Designs: Stress Relief Coloring Book: Garden Designs, Mandalas, Animals, and Paisley Patterns",Adult Coloring Book Designs,4.5,2313,4,2016,Non Fiction,0,"['adult', 'coloring', 'book', 'designs', 'stress', 'relief', 'coloring', 'book', 'garden', 'designs', 'mandalas', 'animals', 'paisley', 'patterns']"
15,Adult Coloring Book: Stress Relieving Animal Designs,Blue Star Coloring,4.6,2925,6,2015,Non Fiction,0,"['adult', 'coloring', 'book', 'stress', 'relieving', 'animal', 'designs']"
16,Adult Coloring Book: Stress Relieving Patterns,Blue Star Coloring,4.4,2951,6,2015,Non Fiction,0,"['adult', 'coloring', 'book', 'stress', 'relieving', 'patterns']"
17,"Adult Coloring Books: A Coloring Book for Adults Featuring Mandalas and Henna Inspired Flowers, Animals, and Paisley…",Coloring Books for Adults,4.5,2426,8,2015,Non Fiction,0,"['adult', 'coloring', 'books', 'coloring', 'book', 'adults', 'featuring', 'mandalas', 'henna', 'inspired', 'flowers', 'animals', 'paisley…']"
18,Alexander Hamilton,Ron Chernow,4.8,9198,13,2016,Non Fiction,0,"['alexander', 'hamilton']"
19,All the Light We Cannot See,Anthony Doerr,4.6,36348,14,2015,Fiction,1,"['light', 'see']"
20,Allegiant,Veronica Roth,3.9,6310,13,2013,Fiction,1,['allegiant']
21,American Sniper: The Autobiography of the Most Lethal Sniper in U.S. Military History,Chris Kyle,4.6,15921,9,2015,Non Fiction,0,"['american', 'sniper', 'autobiography', 'lethal', 'sniper', 'u.s.', 'military', 'history']"
22,And the Mountains Echoed,Khaled Hosseini,4.3,12159,13,2013,Fiction,1,"['mountains', 'echoed']"
23,Arguing with Idiots: How to Stop Small Minds and Big Government,Glenn Beck,4.6,798,5,2009,Non Fiction,0,"['arguing', 'idiots', 'stop', 'small', 'minds', 'big', 'government']"
24,Astrophysics for People in a Hurry,Neil deGrasse Tyson,4.7,9374,9,2017,Non Fiction,0,"['astrophysics', 'people', 'hurry']"
25,"Autobiography of Mark Twain, Vol. 1",Mark Twain,4.2,491,14,2010,Non Fiction,0,"['autobiography', 'mark', 'twain', 'vol', '1']"
26,Baby Touch and Feel: Animals,DK,4.6,5360,5,2015,Non Fiction,0,"['baby', 'touch', 'feel', 'animals']"
27,Balance (Angie's Extreme Stress Menders),Angie Grace,4.6,1909,11,2015,Non Fiction,0,"['balance', 'angie', ""'s"", 'extreme', 'stress', 'menders']"
28,Barefoot Contessa Foolproof: Recipes You Can Trust: A Cookbook,Ina Garten,4.8,1296,24,2012,Non Fiction,0,"['barefoot', 'contessa', 'foolproof', 'recipes', 'trust', 'cookbook']"
29,"Barefoot Contessa, How Easy Is That?: Fabulous Recipes & Easy Tips",Ina Garten,4.7,615,21,2010,Non Fiction,0,"['barefoot', 'contessa', 'easy', 'fabulous', 'recipes', 'easy', 'tips']"
30,Becoming,Michelle Obama,4.8,61133,11,2019,Non Fiction,0,['becoming']
31,Being Mortal: Medicine and What Matters in the End,Atul Gawande,4.8,11113,15,2015,Non Fiction,0,"['mortal', 'medicine', 'matters', 'end']"
32,Between the World and Me,Ta-Nehisi Coates,4.7,10070,13,2016,Non Fiction,0,['world']
33,Born to Run,Bruce Springsteen,4.7,3729,18,2016,Non Fiction,0,"['born', 'run']"
34,"Breaking Dawn (The Twilight Saga, Book 4)",Stephenie Meyer,4.6,9769,13,2009,Fiction,1,"['breaking', 'dawn', 'twilight', 'saga', 'book', '4']"
35,"Broke: The Plan to Restore Our Trust, Truth and Treasure",Glenn Beck,4.5,471,8,2010,Non Fiction,0,"['broke', 'plan', 'restore', 'trust', 'truth', 'treasure']"
36,"Brown Bear, Brown Bear, What Do You See?",Bill Martin Jr.,4.9,14344,5,2019,Fiction,1,"['brown', 'bear', 'brown', 'bear', 'see']"
37,"Cabin Fever (Diary of a Wimpy Kid, Book 6)",Jeff Kinney,4.8,4505,0,2011,Fiction,1,"['cabin', 'fever', 'diary', 'wimpy', 'kid', 'book', '6']"
38,Calm the F*ck Down: An Irreverent Adult Coloring Book (Irreverent Book Series),Sasha O'Hara,4.6,10369,4,2016,Non Fiction,0,"['calm', 'f*ck', 'irreverent', 'adult', 'coloring', 'book', 'irreverent', 'book', 'series']"
39,Can't Hurt Me: Master Your Mind and Defy the Odds,David Goggins,4.8,16244,18,2019,Non Fiction,0,"['ca', ""n't"", 'hurt', 'master', 'mind', 'defy', 'odds']"
40,Capital in the Twenty First Century,Thomas Piketty,4.5,2884,28,2014,Non Fiction,0,"['capital', 'twenty', 'first', 'century']"
41,Catching Fire (The Hunger Games),Suzanne Collins,4.7,22614,11,2012,Fiction,1,"['catching', 'fire', 'hunger', 'games']"
42,Cravings: Recipes for All the Food You Want to Eat: A Cookbook,Chrissy Teigen,4.7,4761,16,2016,Non Fiction,0,"['cravings', 'recipes', 'food', 'want', 'eat', 'cookbook']"
43,Crazy Love: Overwhelmed by a Relentless God,Francis Chan,4.7,1542,14,2011,Non Fiction,0,"['crazy', 'love', 'overwhelmed', 'relentless', 'god']"
44,Crazy Rich Asians (Crazy Rich Asians Trilogy),Kevin Kwan,4.3,6143,8,2018,Fiction,1,"['crazy', 'rich', 'asians', 'crazy', 'rich', 'asians', 'trilogy']"
45,Creative Haven Creative Cats Coloring Book (Adult Coloring),Marjorie Sarnat,4.8,4022,4,2015,Non Fiction,0,"['creative', 'creative', 'cats', 'coloring', 'book', 'adult', 'coloring']"
46,Creative Haven Owls Coloring Book (Adult Coloring),Marjorie Sarnat,4.8,3871,5,2015,Non Fiction,0,"['creative', 'owls', 'coloring', 'book', 'adult', 'coloring']"
47,Cutting for Stone,Abraham Verghese,4.6,4866,11,2011,Fiction,1,"['cutting', 'stone']"
48,"Daring Greatly: How the Courage to Be Vulnerable Transforms the Way We Live, Love, Parent, and Lead",Brené Brown,4.8,1329,10,2013,Non Fiction,0,"['daring', 'greatly', 'courage', 'vulnerable', 'transforms', 'way', 'live', 'love', 'parent', 'lead']"
49,"David and Goliath: Underdogs, Misfits, and the Art of Battling Giants",Malcolm Gladwell,4.4,4642,13,2013,Non Fiction,0,"['david', 'goliath', 'underdogs', 'misfits', 'art', 'battling', 'giants']"
50,Dead And Gone: A Sookie Stackhouse Novel (Sookie Stackhouse/True Blood),Charlaine Harris,4.6,1541,4,2009,Fiction,1,"['dead', 'gone', 'sookie', 'stackhouse', 'novel', 'sookie', 'stackhouse/true', 'blood']"
51,"Dead in the Family (Sookie Stackhouse/True Blood, Book 10)",Charlaine Harris,4.3,1924,8,2010,Fiction,1,"['dead', 'family', 'sookie', 'stackhouse/true', 'blood', 'book', '10']"
52,"Dead Reckoning (Sookie Stackhouse/True Blood, Book 11)",Charlaine Harris,4.2,2094,4,2011,Fiction,1,"['dead', 'reckoning', 'sookie', 'stackhouse/true', 'blood', 'book', '11']"
53,Dear Zoo: A Lift-the-Flap Book,Rod Campbell,4.8,10922,5,2018,Fiction,1,"['dear', 'zoo', 'lift-the-flap', 'book']"
54,Decision Points,George W. Bush,4.6,2137,17,2010,Non Fiction,0,"['decision', 'points']"
55,"Delivering Happiness: A Path to Profits, Passion, and Purpose",Tony Hsieh,4.6,1651,15,2010,Non Fiction,0,"['delivering', 'happiness', 'path', 'profits', 'passion', 'purpose']"
56,"Diagnostic and Statistical Manual of Mental Disorders, 5th Edition: DSM-5",American Psychiatric Association,4.5,6679,105,2014,Non Fiction,0,"['diagnostic', 'statistical', 'manual', 'mental', 'disorders', '5th', 'edition', 'dsm-5']"
57,"Diary of a Wimpy Kid: Hard Luck, Book 8",Jeff Kinney,4.8,6812,0,2013,Fiction,1,"['diary', 'wimpy', 'kid', 'hard', 'luck', 'book', '8']"
58,Diary of a Wimpy Kid: The Last Straw (Book 3),Jeff Kinney,4.8,3837,15,2009,Fiction,1,"['diary', 'wimpy', 'kid', 'last', 'straw', 'book', '3']"
59,Diary of a Wimpy Kid: The Long Haul,Jeff Kinney,4.8,6540,22,2014,Fiction,1,"['diary', 'wimpy', 'kid', 'long', 'haul']"
60,Difficult Riddles For Smart Kids: 300 Difficult Riddles And Brain Teasers Families Will Love (Books for Smart Kids),M Prefontaine,4.6,7955,5,2019,Non Fiction,0,"['difficult', 'riddles', 'smart', 'kids', '300', 'difficult', 'riddles', 'brain', 'teasers', 'families', 'love', 'books', 'smart', 'kids']"
61,Divergent,Veronica Roth,4.6,27098,15,2014,Fiction,1,['divergent']
62,Divergent / Insurgent,Veronica Roth,4.5,17684,6,2014,Fiction,1,"['divergent', 'insurgent']"
63,"Divine Soul Mind Body Healing and Transmission System: The Divine Way to Heal You, Humanity, Mother Earth, and All…",Zhi Gang Sha,4.6,37,6,2009,Non Fiction,0,"['divine', 'soul', 'mind', 'body', 'healing', 'transmission', 'system', 'divine', 'way', 'heal', 'humanity', 'mother', 'earth', 'all…']"
64,Doctor Sleep: A Novel,Stephen King,4.7,15845,13,2013,Fiction,1,"['doctor', 'sleep', 'novel']"
65,"Dog Days (Diary of a Wimpy Kid, Book 4) (Volume 4)",Jeff Kinney,4.8,3181,12,2009,Fiction,1,"['dog', 'days', 'diary', 'wimpy', 'kid', 'book', '4', 'volume', '4']"
66,Dog Man and Cat Kid: From the Creator of Captain Underpants (Dog Man #4),Dav Pilkey,4.9,5062,6,2018,Fiction,1,"['dog', 'man', 'cat', 'kid', 'creator', 'captain', 'underpants', 'dog', 'man', '4']"
67,Dog Man: A Tale of Two Kitties: From the Creator of Captain Underpants (Dog Man #3),Dav Pilkey,4.9,4786,8,2017,Fiction,1,"['dog', 'man', 'tale', 'two', 'kitties', 'creator', 'captain', 'underpants', 'dog', 'man', '3']"
68,Dog Man: Brawl of the Wild: From the Creator of Captain Underpants (Dog Man #6),Dav Pilkey,4.9,7235,4,2019,Fiction,1,"['dog', 'man', 'brawl', 'wild', 'creator', 'captain', 'underpants', 'dog', 'man', '6']"
69,Dog Man: Fetch-22: From the Creator of Captain Underpants (Dog Man #8),Dav Pilkey,4.9,12619,8,2019,Fiction,1,"['dog', 'man', 'fetch-22', 'creator', 'captain', 'underpants', 'dog', 'man', '8']"
70,Dog Man: For Whom the Ball Rolls: From the Creator of Captain Underpants (Dog Man #7),Dav Pilkey,4.9,9089,8,2019,Fiction,1,"['dog', 'man', 'ball', 'rolls', 'creator', 'captain', 'underpants', 'dog', 'man', '7']"
71,Dog Man: Lord of the Fleas: From the Creator of Captain Underpants (Dog Man #5),Dav Pilkey,4.9,5470,6,2018,Fiction,1,"['dog', 'man', 'lord', 'fleas', 'creator', 'captain', 'underpants', 'dog', 'man', '5']"
72,Double Down (Diary of a Wimpy Kid #11),Jeff Kinney,4.8,5118,20,2016,Fiction,1,"['double', 'diary', 'wimpy', 'kid', '11']"
73,Dover Creative Haven Art Nouveau Animal Designs Coloring Book (Creative Haven Coloring Books),Marty Noble,4.6,2134,5,2015,Non Fiction,0,"['dover', 'creative', 'art', 'nouveau', 'animal', 'designs', 'coloring', 'book', 'creative', 'coloring', 'books']"
74,Drive: The Surprising Truth About What Motivates Us,Daniel H. Pink,4.5,2525,16,2010,Non Fiction,0,"['drive', 'surprising', 'truth', 'motivates', 'us']"
75,Eat This Not That! Supermarket Survival Guide: The No-Diet Weight Loss Solution,David Zinczenko,4.5,720,1,2009,Non Fiction,0,"['eat', 'supermarket', 'survival', 'guide', 'no-diet', 'weight', 'loss', 'solution']"
76,"Eat This, Not That! Thousands of Simple Food Swaps that Can Save You 10, 20, 30 Pounds--or More!",David Zinczenko,4.3,956,14,2009,Non Fiction,0,"['eat', 'thousands', 'simple', 'food', 'swaps', 'save', '10', '20', '30', 'pounds', '--']"
77,"Eat to Live: The Amazing Nutrient-Rich Program for Fast and Sustained Weight Loss, Revised Edition",Joel Fuhrman MD,4.5,6346,9,2012,Non Fiction,0,"['eat', 'live', 'amazing', 'nutrient-rich', 'program', 'fast', 'sustained', 'weight', 'loss', 'revised', 'edition']"
78,Eclipse (Twilight Sagas),Stephenie Meyer,4.7,5505,7,2009,Fiction,1,"['eclipse', 'twilight', 'sagas']"
79,Eclipse (Twilight),Stephenie Meyer,4.7,5505,18,2009,Fiction,1,"['eclipse', 'twilight']"
80,Educated: A Memoir,Tara Westover,4.7,28729,15,2019,Non Fiction,0,"['educated', 'memoir']"
81,"Enchanted Forest: An Inky Quest and Coloring book (Activity Books, Mindfulness and Meditation, Illustrated Floral Prints…",Johanna Basford,4.7,5413,9,2015,Non Fiction,0,"['enchanted', 'forest', 'inky', 'quest', 'coloring', 'book', 'activity', 'books', 'mindfulness', 'meditation', 'illustrated', 'floral', 'prints…']"
82,Fahrenheit 451,Ray Bradbury,4.6,10721,8,2018,Fiction,1,"['fahrenheit', '451']"
83,Fantastic Beasts and Where to Find Them: The Original Screenplay (Harry Potter),J.K. Rowling,4.7,4370,15,2016,Fiction,1,"['fantastic', 'beasts', 'find', 'original', 'screenplay', 'harry', 'potter']"
84,Fear: Trump in the White House,Bob Woodward,4.4,6042,2,2018,Non Fiction,0,"['fear', 'trump', 'white', 'house']"
85,Fifty Shades Darker,E L James,4.4,23631,7,2012,Fiction,1,"['fifty', 'shades', 'darker']"
86,Fifty Shades Freed: Book Three of the Fifty Shades Trilogy (Fifty Shades of Grey Series) (English Edition),E L James,4.5,20262,11,2012,Fiction,1,"['fifty', 'shades', 'freed', 'book', 'three', 'fifty', 'shades', 'trilogy', 'fifty', 'shades', 'grey', 'series', 'english', 'edition']"
87,Fifty Shades of Grey: Book One of the Fifty Shades Trilogy (Fifty Shades of Grey Series),E L James,3.8,47265,14,2013,Fiction,1,"['fifty', 'shades', 'grey', 'book', 'one', 'fifty', 'shades', 'trilogy', 'fifty', 'shades', 'grey', 'series']"
88,Fifty Shades Trilogy (Fifty Shades of Grey / Fifty Shades Darker / Fifty Shades Freed),E L James,4.5,13964,32,2012,Fiction,1,"['fifty', 'shades', 'trilogy', 'fifty', 'shades', 'grey', 'fifty', 'shades', 'darker', 'fifty', 'shades', 'freed']"
89,Fire and Fury: Inside the Trump White House,Michael Wolff,4.2,13677,6,2018,Non Fiction,0,"['fire', 'fury', 'inside', 'trump', 'white', 'house']"
90,First 100 Words,Roger Priddy,4.7,17323,4,2018,Non Fiction,0,"['first', '100', 'words']"
91,Food Rules: An Eater's Manual,Michael Pollan,4.4,1555,9,2010,Non Fiction,0,"['food', 'rules', 'eater', ""'s"", 'manual']"
92,Frozen (Little Golden Book),RH Disney,4.7,3642,0,2014,Fiction,1,"['frozen', 'little', 'golden', 'book']"
93,"Game Change: Obama and the Clintons, McCain and Palin, and the Race of a Lifetime",John Heilemann,4.4,1215,9,2010,Non Fiction,0,"['game', 'change', 'obama', 'clintons', 'mccain', 'palin', 'race', 'lifetime']"
94,Game of Thrones Boxed Set: A Game of Thrones/A Clash of Kings/A Storm of Swords/A Feast for Crows,George R.R. Martin,4.6,5594,5,2013,Fiction,1,"['game', 'thrones', 'boxed', 'set', 'game', 'thrones/a', 'clash', 'kings/a', 'storm', 'swords/a', 'feast', 'crows']"
95,George Washington's Sacred Fire,Peter A. Lillback,4.5,408,20,2010,Non Fiction,0,"['george', 'washington', ""'s"", 'sacred', 'fire']"
96,George Washington's Secret Six: The Spy Ring That Saved the American Revolution,Brian Kilmeade,4.6,4799,16,2013,Non Fiction,0,"['george', 'washington', ""'s"", 'secret', 'six', 'spy', 'ring', 'saved', 'american', 'revolution']"
97,Giraffes Can't Dance,Giles Andreae,4.8,14038,4,2019,Fiction,1,"['giraffes', 'ca', ""n't"", 'dance']"
98,"Girl, Stop Apologizing: A Shame-Free Plan for Embracing and Achieving Your Goals",Rachel Hollis,4.6,7660,12,2019,Non Fiction,0,"['girl', 'stop', 'apologizing', 'shame-free', 'plan', 'embracing', 'achieving', 'goals']"
99,"Girl, Wash Your Face: Stop Believing the Lies About Who You Are So You Can Become Who You Were Meant to Be",Rachel Hollis,4.6,22288,12,2019,Non Fiction,0,"['girl', 'wash', 'face', 'stop', 'believing', 'lies', 'become', 'meant']"
100,"Glenn Beck's Common Sense: The Case Against an Out-of-Control Government, Inspired by Thomas Paine",Glenn Beck,4.6,1365,11,2009,Non Fiction,0,"['glenn', 'beck', ""'s"", 'common', 'sense', 'case', 'out-of-control', 'government', 'inspired', 'thomas', 'paine']"
101,Go Set a Watchman: A Novel,Harper Lee,3.6,14982,19,2015,Fiction,1,"['go', 'set', 'watchman', 'novel']"
102,Go the F**k to Sleep,Adam Mansbach,4.8,9568,9,2011,Fiction,1,"['go', 'f**k', 'sleep']"
103,Going Rogue: An American Life,Sarah Palin,4.6,1636,6,2009,Non Fiction,0,"['going', 'rogue', 'american', 'life']"
104,Gone Girl,Gillian Flynn,4.0,57271,9,2014,Fiction,1,"['gone', 'girl']"
105,Good Days Start With Gratitude: A 52 Week Guide To Cultivate An Attitude Of Gratitude: Gratitude Journal,Pretty Simple Press,4.6,10141,6,2019,Non Fiction,0,"['good', 'days', 'start', 'gratitude', '52', 'week', 'guide', 'cultivate', 'attitude', 'gratitude', 'gratitude', 'journal']"
106,Good to Great: Why Some Companies Make the Leap and Others Don't,Jim Collins,4.5,3457,14,2012,Non Fiction,0,"['good', 'great', 'companies', 'make', 'leap', 'others', ""n't""]"
107,Goodnight Moon,Margaret Wise Brown,4.8,8837,5,2019,Fiction,1,"['goodnight', 'moon']"
108,"Goodnight, Goodnight Construction Site (Hardcover Books for Toddlers, Preschool Books for Kids)",Sherri Duskey Rinker,4.9,7038,7,2013,Fiction,1,"['goodnight', 'goodnight', 'construction', 'site', 'hardcover', 'books', 'toddlers', 'preschool', 'books', 'kids']"
109,"Grain Brain: The Surprising Truth about Wheat, Carbs, and Sugar--Your Brain's Silent Killers",David Perlmutter MD,4.6,5972,10,2014,Non Fiction,0,"['grain', 'brain', 'surprising', 'truth', 'wheat', 'carbs', 'sugar', '--', 'brain', ""'s"", 'silent', 'killers']"
110,Grey: Fifty Shades of Grey as Told by Christian (Fifty Shades of Grey Series),E L James,4.4,25624,14,2015,Fiction,1,"['grey', 'fifty', 'shades', 'grey', 'told', 'christian', 'fifty', 'shades', 'grey', 'series']"
111,Guts,Raina Telgemeier,4.8,5476,7,2019,Non Fiction,0,['guts']
112,Hamilton: The Revolution,Lin-Manuel Miranda,4.9,5867,54,2016,Non Fiction,0,"['hamilton', 'revolution']"
113,"Happy, Happy, Happy: My Life and Legacy as the Duck Commander",Phil Robertson,4.8,4148,11,2013,Non Fiction,0,"['happy', 'happy', 'happy', 'life', 'legacy', 'duck', 'commander']"
114,"Harry Potter and the Chamber of Secrets: The Illustrated Edition (Harry Potter, Book 2)",J.K. Rowling,4.9,19622,30,2016,Fiction,1,"['harry', 'potter', 'chamber', 'secrets', 'illustrated', 'edition', 'harry', 'potter', 'book', '2']"
115,"Harry Potter and the Cursed Child, Parts 1 & 2, Special Rehearsal Edition Script",J.K. Rowling,4.0,23973,12,2016,Fiction,1,"['harry', 'potter', 'cursed', 'child', 'parts', '1', '2', 'special', 'rehearsal', 'edition', 'script']"
116,"Harry Potter and the Goblet of Fire: The Illustrated Edition (Harry Potter, Book 4) (4)",J. K. Rowling,4.9,7758,18,2019,Fiction,1,"['harry', 'potter', 'goblet', 'fire', 'illustrated', 'edition', 'harry', 'potter', 'book', '4', '4']"
117,"Harry Potter and the Prisoner of Azkaban: The Illustrated Edition (Harry Potter, Book 3)",J.K. Rowling,4.9,3146,30,2017,Fiction,1,"['harry', 'potter', 'prisoner', 'azkaban', 'illustrated', 'edition', 'harry', 'potter', 'book', '3']"
118,"Harry Potter and the Sorcerer's Stone: The Illustrated Edition (Harry Potter, Book 1)",J.K. Rowling,4.9,10052,22,2016,Fiction,1,"['harry', 'potter', 'sorcerer', ""'s"", 'stone', 'illustrated', 'edition', 'harry', 'potter', 'book', '1']"
119,Harry Potter Coloring Book,Scholastic,4.7,3564,9,2015,Non Fiction,0,"['harry', 'potter', 'coloring', 'book']"
120,Harry Potter Paperback Box Set (Books 1-7),J. K. Rowling,4.8,13471,52,2016,Fiction,1,"['harry', 'potter', 'paperback', 'box', 'set', 'books', '1-7']"
121,Have a Little Faith: A True Story,Mitch Albom,4.8,1930,4,2009,Non Fiction,0,"['little', 'faith', 'true', 'story']"
122,Heaven is for Real: A Little Boy's Astounding Story of His Trip to Heaven and Back,Todd Burpo,4.7,15779,10,2012,Non Fiction,0,"['heaven', 'real', 'little', 'boy', ""'s"", 'astounding', 'story', 'trip', 'heaven', 'back']"
123,Hillbilly Elegy: A Memoir of a Family and Culture in Crisis,J. D. Vance,4.4,15526,14,2017,Non Fiction,0,"['hillbilly', 'elegy', 'memoir', 'family', 'culture', 'crisis']"
124,Homebody: A Guide to Creating Spaces You Never Want to Leave,Joanna Gaines,4.8,3776,22,2018,Non Fiction,0,"['homebody', 'guide', 'creating', 'spaces', 'never', 'want', 'leave']"
125,How to Win Friends & Influence People,Dale Carnegie,4.7,25001,11,2018,Non Fiction,0,"['win', 'friends', 'influence', 'people']"
126,Howard Stern Comes Again,Howard Stern,4.3,5272,16,2019,Non Fiction,0,"['howard', 'stern', 'comes']"
127,Humans of New York,Brandon Stanton,4.8,3490,15,2014,Non Fiction,0,"['humans', 'new', 'york']"
128,Humans of New York : Stories,Brandon Stanton,4.9,2812,17,2015,Non Fiction,0,"['humans', 'new', 'york', 'stories']"
129,"Hyperbole and a Half: Unfortunate Situations, Flawed Coping Mechanisms, Mayhem, and Other Things That Happened",Allie Brosh,4.7,4896,17,2013,Non Fiction,0,"['hyperbole', 'half', 'unfortunate', 'situations', 'flawed', 'coping', 'mechanisms', 'mayhem', 'things', 'happened']"
130,"I Am Confident, Brave & Beautiful: A Coloring Book for Girls",Hopscotch Girls,4.8,9737,7,2019,Non Fiction,0,"['confident', 'brave', 'beautiful', 'coloring', 'book', 'girls']"
131,"I, Alex Cross",James Patterson,4.6,1320,7,2009,Fiction,1,"['alex', 'cross']"
132,If Animals Kissed Good Night,Ann Whitford Paul,4.8,16643,4,2019,Fiction,1,"['animals', 'kissed', 'good', 'night']"
133,If I Stay,Gayle Forman,4.3,7153,9,2014,Fiction,1,['stay']
134,"In the Garden of Beasts: Love, Terror, and an American Family in Hitler's Berlin",Eric Larson,4.4,4571,21,2011,Non Fiction,0,"['garden', 'beasts', 'love', 'terror', 'american', 'family', 'hitler', ""'s"", 'berlin']"
135,Inferno,Dan Brown,4.1,29651,14,2013,Fiction,1,['inferno']
136,Inheritance: Book IV (Inheritance Cycle),Christopher Paolini,4.6,5299,20,2011,Fiction,1,"['inheritance', 'book', 'iv', 'inheritance', 'cycle']"
137,Instant Pot Pressure Cooker Cookbook: 500 Everyday Recipes for Beginners and Advanced Users. Try Easy and Healthy…,Jennifer Smith,4.4,7396,13,2018,Non Fiction,0,"['instant', 'pot', 'pressure', 'cooker', 'cookbook', '500', 'everyday', 'recipes', 'beginners', 'advanced', 'users', 'try', 'easy', 'healthy…']"
138,It's Not Supposed to Be This Way: Finding Unexpected Strength When Disappointments Leave You Shattered,Lysa TerKeurst,4.8,7062,12,2019,Non Fiction,0,"[""'s"", 'supposed', 'way', 'finding', 'unexpected', 'strength', 'disappointments', 'leave', 'shattered']"
139,Jesus Calling: Enjoying Peace in His Presence (with Scripture References),Sarah Young,4.9,19576,8,2016,Non Fiction,0,"['jesus', 'calling', 'enjoying', 'peace', 'presence', 'scripture', 'references']"
140,JOURNEY TO THE ICE P,RH Disney,4.6,978,0,2014,Fiction,1,"['journey', 'ice', 'p']"
141,Joyland (Hard Case Crime),Stephen King,4.5,4748,12,2013,Fiction,1,"['joyland', 'hard', 'case', 'crime']"
142,Killers of the Flower Moon: The Osage Murders and the Birth of the FBI,David Grann,4.6,8393,17,2017,Non Fiction,0,"['killers', 'flower', 'moon', 'osage', 'murders', 'birth', 'fbi']"
143,Killing Jesus (Bill O'Reilly's Killing Series),Bill O'Reilly,4.5,11391,12,2013,Non Fiction,0,"['killing', 'jesus', 'bill', ""o'reilly"", ""'s"", 'killing', 'series']"
144,Killing Kennedy: The End of Camelot,Bill O'Reilly,4.6,8634,25,2012,Non Fiction,0,"['killing', 'kennedy', 'end', 'camelot']"
145,Killing Lincoln: The Shocking Assassination that Changed America Forever (Bill O'Reilly's Killing Series),Bill O'Reilly,4.7,9342,10,2012,Non Fiction,0,"['killing', 'lincoln', 'shocking', 'assassination', 'changed', 'america', 'forever', 'bill', ""o'reilly"", ""'s"", 'killing', 'series']"
146,Killing Patton: The Strange Death of World War II's Most Audacious General (Bill O'Reilly's Killing Series),Bill O'Reilly,4.6,10927,6,2014,Non Fiction,0,"['killing', 'patton', 'strange', 'death', 'world', 'war', 'ii', ""'s"", 'audacious', 'general', 'bill', ""o'reilly"", ""'s"", 'killing', 'series']"
147,Killing Reagan: The Violent Assault That Changed a Presidency (Bill O'Reilly's Killing Series),Bill O'Reilly,4.6,5235,5,2015,Non Fiction,0,"['killing', 'reagan', 'violent', 'assault', 'changed', 'presidency', 'bill', ""o'reilly"", ""'s"", 'killing', 'series']"
148,Killing the Rising Sun: How America Vanquished World War II Japan (Bill O'Reilly's Killing Series),Bill O'Reilly,4.8,8916,6,2016,Non Fiction,0,"['killing', 'rising', 'sun', 'america', 'vanquished', 'world', 'war', 'ii', 'japan', 'bill', ""o'reilly"", ""'s"", 'killing', 'series']"
149,Kitchen Confidential Updated Edition: Adventures in the Culinary Underbelly (P.S.),Anthony Bourdain,4.8,2507,8,2018,Non Fiction,0,"['kitchen', 'confidential', 'updated', 'edition', 'adventures', 'culinary', 'underbelly', 'p.s']"
150,Knock-Knock Jokes for Kids,Rob Elliott,4.5,3673,4,2015,Non Fiction,0,"['knock-knock', 'jokes', 'kids']"
151,"Last Week Tonight with John Oliver Presents A Day in the Life of Marlon Bundo (Better Bundo Book, LGBT Childrens Book)",Jill Twiss,4.9,11881,13,2018,Fiction,1,"['last', 'week', 'tonight', 'john', 'oliver', 'presents', 'day', 'life', 'marlon', 'bundo', 'better', 'bundo', 'book', 'lgbt', 'children\x92s', 'book']"
152,Laugh-Out-Loud Jokes for Kids,Rob Elliott,4.6,6990,4,2017,Non Fiction,0,"['laugh-out-loud', 'jokes', 'kids']"
153,"Lean In: Women, Work, and the Will to Lead",Sheryl Sandberg,4.5,6132,13,2013,Non Fiction,0,"['lean', 'women', 'work', 'lead']"
154,Leonardo da Vinci,Walter Isaacson,4.5,3014,21,2017,Non Fiction,0,"['leonardo', 'da', 'vinci']"
155,Lettering and Modern Calligraphy: A Beginner's Guide: Learn Hand Lettering and Brush Lettering,Paper Peony Press,4.4,7550,6,2018,Non Fiction,0,"['lettering', 'modern', 'calligraphy', 'beginner', ""'s"", 'guide', 'learn', 'hand', 'lettering', 'brush', 'lettering']"
156,Liberty and Tyranny: A Conservative Manifesto,Mark R. Levin,4.8,3828,15,2009,Non Fiction,0,"['liberty', 'tyranny', 'conservative', 'manifesto']"
157,Life,Keith Richards,4.5,2752,18,2010,Non Fiction,0,['life']
158,Little Bee: A Novel,Chris Cleave,4.1,1467,10,2010,Fiction,1,"['little', 'bee', 'novel']"
159,Little Blue Truck,Alice Schertle,4.9,1884,0,2014,Fiction,1,"['little', 'blue', 'truck']"
160,Little Fires Everywhere,Celeste Ng,4.5,25706,12,2018,Fiction,1,"['little', 'fires', 'everywhere']"
161,Looking for Alaska,John Green,4.5,8491,7,2014,Fiction,1,"['looking', 'alaska']"
162,"Love Wins: A Book About Heaven, Hell, and the Fate of Every Person Who Ever Lived",Rob Bell,4.2,1649,13,2011,Non Fiction,0,"['love', 'wins', 'book', 'heaven', 'hell', 'fate', 'every', 'person', 'ever', 'lived']"
163,Love You Forever,Robert Munsch,4.8,18613,5,2015,Fiction,1,"['love', 'forever']"
164,Magnolia Table: A Collection of Recipes for Gathering,Joanna Gaines,4.8,9867,16,2018,Non Fiction,0,"['magnolia', 'table', 'collection', 'recipes', 'gathering']"
165,Make It Ahead: A Barefoot Contessa Cookbook,Ina Garten,4.5,1386,20,2014,Non Fiction,0,"['make', 'ahead', 'barefoot', 'contessa', 'cookbook']"
166,Make Your Bed: Little Things That Can Change Your Life...And Maybe the World,Admiral William H. McRaven,4.7,10199,11,2017,Non Fiction,0,"['make', 'bed', 'little', 'things', 'change', 'life', '...', 'maybe', 'world']"
167,"Mastering the Art of French Cooking, Vol. 2",Julia Child,4.8,2926,27,2009,Non Fiction,0,"['mastering', 'art', 'french', 'cooking', 'vol', '2']"
168,Milk and Honey,Rupi Kaur,4.7,17739,8,2018,Non Fiction,0,"['milk', 'honey']"
169,Milk and Vine: Inspirational Quotes From Classic Vines,Adam Gasiewski,4.4,3113,6,2017,Non Fiction,0,"['milk', 'vine', 'inspirational', 'quotes', 'classic', 'vines']"
170,Mindset: The New Psychology of Success,Carol S. Dweck,4.6,5542,10,2016,Non Fiction,0,"['mindset', 'new', 'psychology', 'success']"
171,Mockingjay (The Hunger Games),Suzanne Collins,4.5,26741,8,2012,Fiction,1,"['mockingjay', 'hunger', 'games']"
172,"National Geographic Kids Why?: Over 1,111 Answers to Everything",Crispin Boyer,4.8,5347,16,2019,Non Fiction,0,"['national', 'geographic', 'kids', '1,111', 'answers', 'everything']"
173,National Geographic Little Kids First Big Book of Why (National Geographic Little Kids First Big Books),Amy Shields,4.8,7866,11,2019,Non Fiction,0,"['national', 'geographic', 'little', 'kids', 'first', 'big', 'book', 'national', 'geographic', 'little', 'kids', 'first', 'big', 'books']"
174,New Moon (The Twilight Saga),Stephenie Meyer,4.6,5680,10,2009,Fiction,1,"['new', 'moon', 'twilight', 'saga']"
175,Night (Night),Elie Wiesel,4.7,5178,9,2016,Non Fiction,0,"['night', 'night']"
176,No Easy Day: The Autobiography of a Navy Seal: The Firsthand Account of the Mission That Killed Osama Bin Laden,Mark Owen,4.6,8093,14,2012,Non Fiction,0,"['easy', 'day', 'autobiography', 'navy', 'seal', 'firsthand', 'account', 'mission', 'killed', 'osama', 'bin', 'laden']"
177,Obama: An Intimate Portrait,Pete Souza,4.9,3192,22,2017,Non Fiction,0,"['obama', 'intimate', 'portrait']"
178,"Oh, the Places You'll Go!",Dr. Seuss,4.9,21834,8,2019,Fiction,1,"['oh', 'places', ""'ll"", 'go']"
179,Old School (Diary of a Wimpy Kid #10),Jeff Kinney,4.8,6169,7,2015,Fiction,1,"['old', 'school', 'diary', 'wimpy', 'kid', '10']"
180,Olive Kitteridge,Elizabeth Strout,4.2,4519,12,2009,Fiction,1,"['olive', 'kitteridge']"
181,One Thousand Gifts: A Dare to Live Fully Right Where You Are,Ann Voskamp,4.6,3163,13,2012,Non Fiction,0,"['one', 'thousand', 'gifts', 'dare', 'live', 'fully', 'right']"
182,"Option B: Facing Adversity, Building Resilience, and Finding Joy",Sheryl Sandberg,4.5,1831,9,2017,Non Fiction,0,"['option', 'b', 'facing', 'adversity', 'building', 'resilience', 'finding', 'joy']"
183,Origin: A Novel (Robert Langdon),Dan Brown,4.3,18904,13,2017,Fiction,1,"['origin', 'novel', 'robert', 'langdon']"
184,Orphan Train,Christina Baker Kline,4.6,21930,11,2014,Fiction,1,"['orphan', 'train']"
185,Outliers: The Story of Success,Malcolm Gladwell,4.6,10426,20,2010,Non Fiction,0,"['outliers', 'story', 'success']"
186,P is for Potty! (Sesame Street) (Lift-the-Flap),Naomi Kleinberg,4.7,10820,5,2019,Non Fiction,0,"['p', 'potty', 'sesame', 'street', 'lift-the-flap']"
187,Percy Jackson and the Olympians Paperback Boxed Set (Books 1-3),Rick Riordan,4.8,548,2,2010,Fiction,1,"['percy', 'jackson', 'olympians', 'paperback', 'boxed', 'set', 'books', '1-3']"
188,Player's Handbook (Dungeons & Dragons),Wizards RPG Team,4.8,16990,27,2019,Fiction,1,"['player', ""'s"", 'handbook', 'dungeons', 'dragons']"
189,Pokémon Deluxe Essential Handbook: The Need-to-Know Stats and Facts on Over 700 Pokémon,Scholastic,4.7,3503,9,2016,Fiction,1,"['pokémon', 'deluxe', 'essential', 'handbook', 'need-to-know', 'stats', 'facts', '700', 'pokémon']"
190,Proof of Heaven: A Neurosurgeon's Journey into the Afterlife,Eben Alexander,4.3,13616,10,2013,Non Fiction,0,"['proof', 'heaven', 'neurosurgeon', ""'s"", 'journey', 'afterlife']"
191,"Publication Manual of the American Psychological Association, 6th Edition",American Psychological Association,4.5,8580,46,2018,Non Fiction,0,"['publication', 'manual', 'american', 'psychological', 'association', '6th', 'edition']"
192,Puppy Birthday to You! (Paw Patrol) (Little Golden Book),Golden Books,4.8,4757,4,2017,Fiction,1,"['puppy', 'birthday', 'paw', 'patrol', 'little', 'golden', 'book']"
193,Quiet: The Power of Introverts in a World That Can't Stop Talking,Susan Cain,4.6,10009,7,2013,Non Fiction,0,"['quiet', 'power', 'introverts', 'world', 'ca', ""n't"", 'stop', 'talking']"
194,Radical: Taking Back Your Faith from the American Dream,David Platt,4.7,1985,9,2011,Non Fiction,0,"['radical', 'taking', 'back', 'faith', 'american', 'dream']"
195,Ready Player One: A Novel,Ernest Cline,4.6,22536,12,2018,Fiction,1,"['ready', 'player', 'one', 'novel']"
196,Rush Revere and the Brave Pilgrims: Time-Travel Adventures with Exceptional Americans (1),Rush Limbaugh,4.9,7150,12,2013,Fiction,1,"['rush', 'revere', 'brave', 'pilgrims', 'time-travel', 'adventures', 'exceptional', 'americans', '1']"
197,Rush Revere and the First Patriots: Time-Travel Adventures With Exceptional Americans (2),Rush Limbaugh,4.9,3836,12,2014,Fiction,1,"['rush', 'revere', 'first', 'patriots', 'time-travel', 'adventures', 'exceptional', 'americans', '2']"
198,"Salt, Fat, Acid, Heat: Mastering the Elements of Good Cooking",Samin Nosrat,4.8,7802,20,2019,Non Fiction,0,"['salt', 'fat', 'acid', 'heat', 'mastering', 'elements', 'good', 'cooking']"
199,Sarah's Key,Tatiana de Rosnay,4.6,3619,10,2010,Fiction,1,"['sarah', ""'s"", 'key']"
200,"School Zone - Big Preschool Workbook - Ages 4 and Up, Colors, Shapes, Numbers 1-10, Alphabet, Pre-Writing, Pre-Reading…",School Zone,4.8,23047,6,2019,Non Fiction,0,"['school', 'zone', 'big', 'preschool', 'workbook', 'ages', '4', 'colors', 'shapes', 'numbers', '1-10', 'alphabet', 'pre-writing', 'pre-reading…']"
201,"Secret Garden: An Inky Treasure Hunt and Coloring Book (For Adults, mindfulness coloring)",Johanna Basford,4.7,9366,9,2015,Non Fiction,0,"['secret', 'garden', 'inky', 'treasure', 'hunt', 'coloring', 'book', 'adults', 'mindfulness', 'coloring']"
202,Sh*t My Dad Says,Justin Halpern,4.7,1265,11,2010,Non Fiction,0,"['sh*t', 'dad', 'says']"
203,Ship of Fools: How a Selfish Ruling Class Is Bringing America to the Brink of Revolution,Tucker Carlson,4.8,3923,16,2018,Non Fiction,0,"['ship', 'fools', 'selfish', 'ruling', 'class', 'bringing', 'america', 'brink', 'revolution']"
204,Shred: The Revolutionary Diet: 6 Weeks 4 Inches 2 Sizes,Ian K. Smith M.D.,4.1,2272,6,2013,Non Fiction,0,"['shred', 'revolutionary', 'diet', '6', 'weeks', '4', 'inches', '2', 'sizes']"
205,Sookie Stackhouse,Charlaine Harris,4.7,973,25,2009,Fiction,1,"['sookie', 'stackhouse']"
206,"Soul Healing Miracles: Ancient and New Sacred Wisdom, Knowledge, and Practical Techniques for Healing the Spiritual…",Zhi Gang Sha,4.6,220,17,2013,Non Fiction,0,"['soul', 'healing', 'miracles', 'ancient', 'new', 'sacred', 'wisdom', 'knowledge', 'practical', 'techniques', 'healing', 'spiritual…']"
207,Steve Jobs,Walter Isaacson,4.6,7827,20,2012,Non Fiction,0,"['steve', 'jobs']"
208,Strange Planet (Strange Planet Series),Nathan W. Pyle,4.9,9382,6,2019,Fiction,1,"['strange', 'planet', 'strange', 'planet', 'series']"
209,StrengthsFinder 2.0,Gallup,4.0,5069,17,2017,Non Fiction,0,"['strengthsfinder', '2.0']"
210,"Super Freakonomics: Global Cooling, Patriotic Prostitutes, and Why Suicide Bombers Should Buy Life Insurance",Steven D. Levitt,4.5,1583,18,2009,Non Fiction,0,"['super', 'freakonomics', 'global', 'cooling', 'patriotic', 'prostitutes', 'suicide', 'bombers', 'buy', 'life', 'insurance']"
211,Switch: How to Change Things When Change Is Hard,Chip Heath,4.6,1907,13,2010,Non Fiction,0,"['switch', 'change', 'things', 'change', 'hard']"
212,Sycamore Row (Jake Brigance),John Grisham,4.5,23114,18,2013,Fiction,1,"['sycamore', 'row', 'jake', 'brigance']"
213,Teach Like a Champion: 49 Techniques that Put Students on the Path to College,Doug Lemov,4.4,637,20,2011,Non Fiction,0,"['teach', 'like', 'champion', '49', 'techniques', 'put', 'students', 'path', 'college']"
214,The 17 Day Diet: A Doctor's Plan Designed for Rapid Results,Mike Moreno,4.3,2314,22,2011,Non Fiction,0,"['17', 'day', 'diet', 'doctor', ""'s"", 'plan', 'designed', 'rapid', 'results']"
215,"The 4 Hour Body: An Uncommon Guide to Rapid Fat Loss, Incredible Sex and Becoming Superhuman",Timothy Ferriss,4.3,4587,21,2011,Non Fiction,0,"['4', 'hour', 'body', 'uncommon', 'guide', 'rapid', 'fat', 'loss', 'incredible', 'sex', 'becoming', 'superhuman']"
216,The 5 Love Languages: The Secret to Love That Lasts,Gary Chapman,4.7,3477,28,2014,Non Fiction,0,"['5', 'love', 'languages', 'secret', 'love', 'lasts']"
217,The 5 Love Languages: The Secret to Love that Lasts,Gary Chapman,4.8,25554,8,2019,Non Fiction,0,"['5', 'love', 'languages', 'secret', 'love', 'lasts']"
218,The 5000 Year Leap,W. Cleon Skousen,4.8,1680,12,2009,Non Fiction,0,"['5000', 'year', 'leap']"
219,The 7 Habits of Highly Effective People: Powerful Lessons in Personal Change,Stephen R. Covey,4.7,4725,16,2017,Non Fiction,0,"['7', 'habits', 'highly', 'effective', 'people', 'powerful', 'lessons', 'personal', 'change']"
220,The Alchemist,Paulo Coelho,4.7,35799,39,2014,Fiction,1,['alchemist']
221,The Amateur,Edward Klein,4.6,2580,9,2012,Non Fiction,0,['amateur']
222,The Art of Racing in the Rain: A Novel,Garth Stein,4.7,11813,10,2011,Fiction,1,"['art', 'racing', 'rain', 'novel']"
223,The Big Short: Inside the Doomsday Machine,Michael Lewis,4.7,3536,17,2010,Non Fiction,0,"['big', 'short', 'inside', 'doomsday', 'machine']"
224,The Blood of Olympus (The Heroes of Olympus (5)),Rick Riordan,4.8,6600,11,2014,Fiction,1,"['blood', 'olympus', 'heroes', 'olympus', '5']"
225,"The Blood Sugar Solution: The UltraHealthy Program for Losing Weight, Preventing Disease, and Feeling Great Now!",Mark Hyman M.D.,4.2,1789,14,2012,Non Fiction,0,"['blood', 'sugar', 'solution', 'ultrahealthy', 'program', 'losing', 'weight', 'preventing', 'disease', 'feeling', 'great']"
226,"The Body Keeps the Score: Brain, Mind, and Body in the Healing of Trauma",Bessel van der Kolk M.D.,4.8,12361,12,2019,Non Fiction,0,"['body', 'keeps', 'score', 'brain', 'mind', 'body', 'healing', 'trauma']"
227,The Book of Basketball: The NBA According to The Sports Guy,Bill Simmons,4.7,858,53,2009,Non Fiction,0,"['book', 'basketball', 'nba', 'according', 'sports', 'guy']"
228,The Book Thief,Markus Zusak,4.6,23148,6,2014,Fiction,1,"['book', 'thief']"
229,The Book with No Pictures,B. J. Novak,4.8,8081,8,2015,Fiction,1,"['book', 'pictures']"
230,The Boys in the Boat: Nine Americans and Their Epic Quest for Gold at the 1936 Berlin Olympics,Daniel James Brown,4.8,23358,12,2015,Non Fiction,0,"['boys', 'boat', 'nine', 'americans', 'epic', 'quest', 'gold', '1936', 'berlin', 'olympics']"
231,The Casual Vacancy,J.K. Rowling,3.3,9372,12,2012,Fiction,1,"['casual', 'vacancy']"
232,The China Study: The Most Comprehensive Study of Nutrition Ever Conducted And the Startling Implications for Diet…,Thomas Campbell,4.7,4633,21,2011,Non Fiction,0,"['china', 'study', 'comprehensive', 'study', 'nutrition', 'ever', 'conducted', 'startling', 'implications', 'diet…']"
233,The Complete Ketogenic Diet for Beginners: Your Essential Guide to Living the Keto Lifestyle,Amy Ramos,4.3,13061,6,2019,Non Fiction,0,"['complete', 'ketogenic', 'diet', 'beginners', 'essential', 'guide', 'living', 'keto', 'lifestyle']"
234,The Confession: A Novel,John Grisham,4.3,3523,13,2010,Fiction,1,"['confession', 'novel']"
235,The Constitution of the United States,Delegates of the Constitutional,4.8,2774,0,2016,Non Fiction,0,"['constitution', 'united', 'states']"
236,The Daily Show with Jon Stewart Presents Earth (The Book): A Visitor's Guide to the Human Race,Jon Stewart,4.4,440,11,2010,Non Fiction,0,"['daily', 'show', 'jon', 'stewart', 'presents', 'earth', 'book', 'visitor', ""'s"", 'guide', 'human', 'race']"
237,The Day the Crayons Quit,Drew Daywalt,4.8,8922,9,2015,Fiction,1,"['day', 'crayons', 'quit']"
238,"The Dukan Diet: 2 Steps to Lose the Weight, 2 Steps to Keep It Off Forever",Pierre Dukan,4.1,2023,15,2011,Non Fiction,0,"['dukan', 'diet', '2', 'steps', 'lose', 'weight', '2', 'steps', 'keep', 'forever']"
239,The Elegance of the Hedgehog,Muriel Barbery,4.0,1859,11,2009,Fiction,1,"['elegance', 'hedgehog']"
240,The Fault in Our Stars,John Green,4.7,50482,13,2014,Fiction,1,"['fault', 'stars']"
241,The Five Dysfunctions of a Team: A Leadership Fable,Patrick Lencioni,4.6,3207,6,2013,Non Fiction,0,"['five', 'dysfunctions', 'team', 'leadership', 'fable']"
242,The Five Love Languages: How to Express Heartfelt Commitment to Your Mate,Gary Chapman,4.6,803,9,2009,Non Fiction,0,"['five', 'love', 'languages', 'express', 'heartfelt', 'commitment', 'mate']"
243,The Four Agreements: A Practical Guide to Personal Freedom (A Toltec Wisdom Book),Don Miguel Ruiz,4.7,23308,6,2019,Non Fiction,0,"['four', 'agreements', 'practical', 'guide', 'personal', 'freedom', 'toltec', 'wisdom', 'book']"
244,The Getaway,Jeff Kinney,4.8,5836,0,2017,Fiction,1,['getaway']
245,The Girl on the Train,Paula Hawkins,4.1,79446,7,2016,Fiction,1,"['girl', 'train']"
246,The Girl Who Kicked the Hornet's Nest (Millennium Trilogy),Stieg Larsson,4.7,7747,14,2011,Fiction,1,"['girl', 'kicked', 'hornet', ""'s"", 'nest', 'millennium', 'trilogy']"
247,The Girl Who Played with Fire (Millennium Series),Stieg Larsson,4.7,7251,9,2010,Fiction,1,"['girl', 'played', 'fire', 'millennium', 'series']"
248,The Girl Who Played with Fire (Millennium),Stieg Larsson,4.7,7251,16,2009,Fiction,1,"['girl', 'played', 'fire', 'millennium']"
249,The Girl with the Dragon Tattoo (Millennium Series),Stieg Larsson,4.4,10559,2,2010,Fiction,1,"['girl', 'dragon', 'tattoo', 'millennium', 'series']"
250,The Going-To-Bed Book,Sandra Boynton,4.8,5249,5,2017,Fiction,1,"['going-to-bed', 'book']"
251,The Goldfinch: A Novel (Pulitzer Prize for Fiction),Donna Tartt,3.9,33844,20,2014,Fiction,1,"['goldfinch', 'novel', 'pulitzer', 'prize', 'fiction']"
252,The Great Gatsby,F. Scott Fitzgerald,4.4,11616,7,2014,Fiction,1,"['great', 'gatsby']"
253,The Guardians: A Novel,John Grisham,4.5,13609,14,2019,Fiction,1,"['guardians', 'novel']"
254,The Guernsey Literary and Potato Peel Pie Society,Mary Ann Shaffer,4.7,8587,10,2009,Fiction,1,"['guernsey', 'literary', 'potato', 'peel', 'pie', 'society']"
255,The Handmaid's Tale,Margaret Atwood,4.3,29442,7,2017,Fiction,1,"['handmaid', ""'s"", 'tale']"
256,The Harbinger: The Ancient Mystery that Holds the Secret of America's Future,Jonathan Cahn,4.6,11098,13,2012,Fiction,1,"['harbinger', 'ancient', 'mystery', 'holds', 'secret', 'america', ""'s"", 'future']"
257,The Hate U Give,Angie Thomas,4.8,9947,11,2018,Fiction,1,"['hate', 'u', 'give']"
258,The Help,Kathryn Stockett,4.8,13871,7,2011,Fiction,1,['help']
259,"The House of Hades (Heroes of Olympus, Book 4)",Rick Riordan,4.8,6982,14,2013,Fiction,1,"['house', 'hades', 'heroes', 'olympus', 'book', '4']"
260,The Hunger Games,Suzanne Collins,4.7,32122,14,2010,Fiction,1,"['hunger', 'games']"
261,The Hunger Games (Book 1),Suzanne Collins,4.7,32122,8,2012,Fiction,1,"['hunger', 'games', 'book', '1']"
262,The Hunger Games Trilogy Boxed Set (1),Suzanne Collins,4.8,16949,30,2012,Fiction,1,"['hunger', 'games', 'trilogy', 'boxed', 'set', '1']"
263,The Immortal Life of Henrietta Lacks,Rebecca Skloot,4.7,9289,9,2012,Non Fiction,0,"['immortal', 'life', 'henrietta', 'lacks']"
264,The Instant Pot Electric Pressure Cooker Cookbook: Easy Recipes for Fast & Healthy Meals,Laurel Randolph,4.3,7368,7,2018,Non Fiction,0,"['instant', 'pot', 'electric', 'pressure', 'cooker', 'cookbook', 'easy', 'recipes', 'fast', 'healthy', 'meals']"
265,The Last Lecture,Randy Pausch,4.7,4028,9,2009,Non Fiction,0,"['last', 'lecture']"
266,"The Last Olympian (Percy Jackson and the Olympians, Book 5)",Rick Riordan,4.8,4628,7,2010,Fiction,1,"['last', 'olympian', 'percy', 'jackson', 'olympians', 'book', '5']"
267,The Legend of Zelda: Hyrule Historia,Patrick Thorpe,4.9,5396,20,2013,Fiction,1,"['legend', 'zelda', 'hyrule', 'historia']"
268,The Lego Ideas Book: Unlock Your Imagination,Daniel Lipkowitz,4.4,4247,13,2012,Non Fiction,0,"['lego', 'ideas', 'book', 'unlock', 'imagination']"
269,The Life-Changing Magic of Tidying Up: The Japanese Art of Decluttering and Organizing,Marie Kondō,4.5,22641,11,2019,Non Fiction,0,"['life-changing', 'magic', 'tidying', 'japanese', 'art', 'decluttering', 'organizing']"
270,The Litigators,John Grisham,4.4,6222,18,2011,Fiction,1,['litigators']
271,"The Lost Hero (Heroes of Olympus, Book 1)",Rick Riordan,4.8,4506,14,2010,Fiction,1,"['lost', 'hero', 'heroes', 'olympus', 'book', '1']"
272,The Lost Symbol,Dan Brown,4.2,8747,19,2009,Fiction,1,"['lost', 'symbol']"
273,The Love Dare,Stephen Kendrick,4.8,1655,13,2009,Non Fiction,0,"['love', 'dare']"
274,The Magnolia Story,Chip Gaines,4.9,7861,5,2016,Non Fiction,0,"['magnolia', 'story']"
275,"The Mark of Athena (Heroes of Olympus, Book 3)",Rick Riordan,4.8,6247,10,2012,Fiction,1,"['mark', 'athena', 'heroes', 'olympus', 'book', '3']"
276,The Martian,Andy Weir,4.7,39459,9,2015,Fiction,1,['martian']
277,The Maze Runner (Book 1),James Dashner,4.5,10101,8,2014,Fiction,1,"['maze', 'runner', 'book', '1']"
278,The Meltdown (Diary of a Wimpy Kid Book 13),Jeff Kinney,4.8,5898,8,2018,Fiction,1,"['meltdown', 'diary', 'wimpy', 'kid', 'book', '13']"
279,The Mueller Report,The Washington Post,4.6,2744,12,2019,Non Fiction,0,"['mueller', 'report']"
280,The Nightingale: A Novel,Kristin Hannah,4.8,49288,11,2016,Fiction,1,"['nightingale', 'novel']"
281,The Official SAT Study Guide,The College Board,4.4,1201,40,2014,Non Fiction,0,"['official', 'sat', 'study', 'guide']"
282,"The Official SAT Study Guide, 2016 Edition (Official Study Guide for the New Sat)",The College Board,4.3,807,36,2016,Non Fiction,0,"['official', 'sat', 'study', 'guide', '2016', 'edition', 'official', 'study', 'guide', 'new', 'sat']"
283,The Paris Wife: A Novel,Paula McLain,4.3,3759,16,2011,Fiction,1,"['paris', 'wife', 'novel']"
284,"The Pioneer Woman Cooks: A Year of Holidays: 140 Step-by-Step Recipes for Simple, Scrumptious Celebrations",Ree Drummond,4.8,2663,17,2013,Non Fiction,0,"['pioneer', 'woman', 'cooks', 'year', 'holidays', '140', 'step-by-step', 'recipes', 'simple', 'scrumptious', 'celebrations']"
285,"The Pioneer Woman Cooks: Dinnertime - Comfort Classics, Freezer Food, 16-minute Meals, and Other Delicious Ways to Solve…",Ree Drummond,4.8,3428,14,2015,Non Fiction,0,"['pioneer', 'woman', 'cooks', 'dinnertime', 'comfort', 'classics', 'freezer', 'food', '16-minute', 'meals', 'delicious', 'ways', 'solve…']"
286,The Pioneer Woman Cooks: Food from My Frontier,Ree Drummond,4.8,2876,21,2012,Non Fiction,0,"['pioneer', 'woman', 'cooks', 'food', 'frontier']"
287,"The Plant Paradox Cookbook: 100 Delicious Recipes to Help You Lose Weight, Heal Your Gut, and Live Lectin-Free",Dr. Steven R Gundry MD,4.5,3601,18,2018,Non Fiction,0,"['plant', 'paradox', 'cookbook', '100', 'delicious', 'recipes', 'help', 'lose', 'weight', 'heal', 'gut', 'live', 'lectin-free']"
288,"The Plant Paradox: The Hidden Dangers in ""Healthy"" Foods That Cause Disease and Weight Gain",Dr. Steven R Gundry MD,4.4,7058,17,2018,Non Fiction,0,"['plant', 'paradox', 'hidden', 'dangers', '``', 'healthy', ""''"", 'foods', 'cause', 'disease', 'weight', 'gain']"
289,The Pout-Pout Fish,Deborah Diesen,4.8,9784,5,2018,Fiction,1,"['pout-pout', 'fish']"
290,The Power of Habit: Why We Do What We Do in Life and Business,Charles Duhigg,4.6,10795,21,2012,Non Fiction,0,"['power', 'habit', 'life', 'business']"
291,The President Is Missing: A Novel,James Patterson,4.3,10191,18,2018,Fiction,1,"['president', 'missing', 'novel']"
292,The Racketeer,John Grisham,4.3,14493,18,2012,Fiction,1,['racketeer']
293,"The Red Pyramid (The Kane Chronicles, Book 1)",Rick Riordan,4.6,2186,12,2010,Fiction,1,"['red', 'pyramid', 'kane', 'chronicles', 'book', '1']"
294,"The Road to Serfdom: Text and Documents--The Definitive Edition (The Collected Works of F. A. Hayek, Volume 2)",F. A. Hayek,4.6,1204,14,2010,Non Fiction,0,"['road', 'serfdom', 'text', 'documents', '--', 'definitive', 'edition', 'collected', 'works', 'f.', 'a.', 'hayek', 'volume', '2']"
295,"The Serpent's Shadow (The Kane Chronicles, Book 3)",Rick Riordan,4.8,2091,12,2012,Fiction,1,"['serpent', ""'s"", 'shadow', 'kane', 'chronicles', 'book', '3']"
296,The Shack: Where Tragedy Confronts Eternity,William P. Young,4.6,19720,8,2017,Fiction,1,"['shack', 'tragedy', 'confronts', 'eternity']"
297,The Short Second Life of Bree Tanner: An Eclipse Novella (The Twilight Saga),Stephenie Meyer,4.6,2122,0,2010,Fiction,1,"['short', 'second', 'life', 'bree', 'tanner', 'eclipse', 'novella', 'twilight', 'saga']"
298,The Silent Patient,Alex Michaelides,4.5,27536,14,2019,Fiction,1,"['silent', 'patient']"
299,"The Son of Neptune (Heroes of Olympus, Book 2)",Rick Riordan,4.8,4290,10,2011,Fiction,1,"['son', 'neptune', 'heroes', 'olympus', 'book', '2']"
300,The Subtle Art of Not Giving a F*ck: A Counterintuitive Approach to Living a Good Life,Mark Manson,4.6,26490,15,2019,Non Fiction,0,"['subtle', 'art', 'giving', 'f*ck', 'counterintuitive', 'approach', 'living', 'good', 'life']"
301,The Sun and Her Flowers,Rupi Kaur,4.7,5487,9,2017,Non Fiction,0,"['sun', 'flowers']"
302,"The Third Wheel (Diary of a Wimpy Kid, Book 7)",Jeff Kinney,4.7,6377,7,2012,Fiction,1,"['third', 'wheel', 'diary', 'wimpy', 'kid', 'book', '7']"
303,"The Throne of Fire (The Kane Chronicles, Book 2)",Rick Riordan,4.7,1463,10,2011,Fiction,1,"['throne', 'fire', 'kane', 'chronicles', 'book', '2']"
304,The Time Traveler's Wife,Audrey Niffenegger,4.4,3759,6,2009,Fiction,1,"['time', 'traveler', ""'s"", 'wife']"
305,The Tipping Point: How Little Things Can Make a Big Difference,Malcolm Gladwell,4.4,3503,9,2009,Non Fiction,0,"['tipping', 'point', 'little', 'things', 'make', 'big', 'difference']"
306,The Total Money Makeover: Classic Edition: A Proven Plan for Financial Fitness,Dave Ramsey,4.7,11550,10,2019,Non Fiction,0,"['total', 'money', 'makeover', 'classic', 'edition', 'proven', 'plan', 'financial', 'fitness']"
307,The Twilight Saga Collection,Stephenie Meyer,4.7,3801,82,2009,Fiction,1,"['twilight', 'saga', 'collection']"
308,"The Ugly Truth (Diary of a Wimpy Kid, Book 5)",Jeff Kinney,4.8,3796,12,2010,Fiction,1,"['ugly', 'truth', 'diary', 'wimpy', 'kid', 'book', '5']"
309,The Unofficial Harry Potter Cookbook: From Cauldron Cakes to Knickerbocker Glory--More Than 150 Magical Recipes for…,Dinah Bucholz,4.7,9030,10,2019,Non Fiction,0,"['unofficial', 'harry', 'potter', 'cookbook', 'cauldron', 'cakes', 'knickerbocker', 'glory', '--', '150', 'magical', 'recipes', 'for…']"
310,The Very Hungry Caterpillar,Eric Carle,4.9,19546,5,2019,Fiction,1,"['hungry', 'caterpillar']"
311,The Whole30: The 30-Day Guide to Total Health and Food Freedom,Melissa Hartwig Urban,4.6,7508,16,2017,Non Fiction,0,"['whole30', '30-day', 'guide', 'total', 'health', 'food', 'freedom']"
312,The Wonderful Things You Will Be,Emily Winfield Martin,4.9,8842,10,2019,Fiction,1,"['wonderful', 'things']"
313,The Wonky Donkey,Craig Smith,4.8,30183,4,2019,Fiction,1,"['wonky', 'donkey']"
314,The Wright Brothers,David McCullough,4.7,6169,16,2015,Non Fiction,0,"['wright', 'brothers']"
315,"Things That Matter: Three Decades of Passions, Pastimes and Politics [Deckled Edge]",Charles Krauthammer,4.7,7034,15,2013,Non Fiction,0,"['things', 'matter', 'three', 'decades', 'passions', 'pastimes', 'politics', 'deckled', 'edge']"
316,"Thinking, Fast and Slow",Daniel Kahneman,4.6,11034,19,2012,Non Fiction,0,"['thinking', 'fast', 'slow']"
317,Thirteen Reasons Why,Jay Asher,4.5,7932,9,2017,Fiction,1,"['thirteen', 'reasons']"
318,Thomas Jefferson: The Art of Power,Jon Meacham,4.5,1904,23,2012,Non Fiction,0,"['thomas', 'jefferson', 'art', 'power']"
319,Three Cups of Tea: One Man's Mission to Promote Peace - One School at a Time,Greg Mortenson,4.3,3319,11,2010,Non Fiction,0,"['three', 'cups', 'tea', 'one', 'man', ""'s"", 'mission', 'promote', 'peace', 'one', 'school', 'time']"
320,Thug Kitchen: The Official Cookbook: Eat Like You Give a F*ck (Thug Kitchen Cookbooks),Thug Kitchen,4.6,11128,23,2017,Non Fiction,0,"['thug', 'kitchen', 'official', 'cookbook', 'eat', 'like', 'give', 'f*ck', 'thug', 'kitchen', 'cookbooks']"
321,Tina Fey: Bossypants,Tina Fey,4.3,5977,12,2011,Non Fiction,0,"['tina', 'fey', 'bossypants']"
322,To Kill a Mockingbird,Harper Lee,4.8,26234,7,2019,Fiction,1,"['kill', 'mockingbird']"
323,"Tools of Titans: The Tactics, Routines, and Habits of Billionaires, Icons, and World-Class Performers",Timothy Ferriss,4.6,4360,21,2017,Non Fiction,0,"['tools', 'titans', 'tactics', 'routines', 'habits', 'billionaires', 'icons', 'world-class', 'performers']"
324,"Towers of Midnight (Wheel of Time, Book Thirteen)",Robert Jordan,4.8,2282,21,2010,Fiction,1,"['towers', 'midnight', 'wheel', 'time', 'book', 'thirteen']"
325,True Compass: A Memoir,Edward M. Kennedy,4.5,438,15,2009,Non Fiction,0,"['true', 'compass', 'memoir']"
326,"Twilight (The Twilight Saga, Book 1)",Stephenie Meyer,4.7,11676,9,2009,Fiction,1,"['twilight', 'twilight', 'saga', 'book', '1']"
327,Ultimate Sticker Book: Frozen: More Than 60 Reusable Full-Color Stickers,DK,4.5,2586,5,2014,Fiction,1,"['ultimate', 'sticker', 'book', 'frozen', '60', 'reusable', 'full-color', 'stickers']"
328,"Unbroken: A World War II Story of Survival, Resilience, and Redemption",Laura Hillenbrand,4.8,29673,16,2014,Non Fiction,0,"['unbroken', 'world', 'war', 'ii', 'story', 'survival', 'resilience', 'redemption']"
329,Under the Dome: A Novel,Stephen King,4.3,6740,20,2009,Fiction,1,"['dome', 'novel']"
330,Unfreedom of the Press,Mark R. Levin,4.9,5956,11,2019,Non Fiction,0,"['unfreedom', 'press']"
331,Unicorn Coloring Book: For Kids Ages 4-8 (US Edition) (Silly Bear Coloring Books),Silly Bear,4.8,6108,4,2019,Non Fiction,0,"['unicorn', 'coloring', 'book', 'kids', 'ages', '4-8', 'us', 'edition', 'silly', 'bear', 'coloring', 'books']"
332,"Uninvited: Living Loved When You Feel Less Than, Left Out, and Lonely",Lysa TerKeurst,4.7,4585,9,2016,Non Fiction,0,"['uninvited', 'living', 'loved', 'feel', 'less', 'left', 'lonely']"
333,Watchmen,Alan Moore,4.8,3829,42,2009,Fiction,1,['watchmen']
334,Water for Elephants: A Novel,Sara Gruen,4.5,8958,12,2011,Fiction,1,"['water', 'elephants', 'novel']"
335,What Happened,Hillary Rodham Clinton,4.6,5492,18,2017,Non Fiction,0,['happened']
336,What If?: Serious Scientific Answers to Absurd Hypothetical Questions,Randall Munroe,4.7,9292,17,2014,Non Fiction,0,"['serious', 'scientific', 'answers', 'absurd', 'hypothetical', 'questions']"
337,What Pet Should I Get? (Classic Seuss),Dr. Seuss,4.7,1873,14,2015,Fiction,1,"['pet', 'get', 'classic', 'seuss']"
338,What Should Danny Do? (The Power to Choose Series),Adir Levy,4.8,8170,13,2019,Fiction,1,"['danny', 'power', 'choose', 'series']"
339,What to Expect When You're Expecting,Heidi Murkoff,4.4,3341,9,2011,Non Fiction,0,"['expect', ""'re"", 'expecting']"
340,"Wheat Belly: Lose the Wheat, Lose the Weight, and Find Your Path Back to Health",William Davis,4.4,7497,6,2013,Non Fiction,0,"['wheat', 'belly', 'lose', 'wheat', 'lose', 'weight', 'find', 'path', 'back', 'health']"
341,When Breath Becomes Air,Paul Kalanithi,4.8,13779,14,2016,Non Fiction,0,"['breath', 'becomes', 'air']"
342,Where the Crawdads Sing,Delia Owens,4.8,87841,15,2019,Fiction,1,"['crawdads', 'sing']"
343,Where the Wild Things Are,Maurice Sendak,4.8,9967,13,2009,Fiction,1,"['wild', 'things']"
344,Whose Boat Is This Boat?: Comments That Don't Help in the Aftermath of a Hurricane,The Staff of The Late Show with,4.6,6669,12,2018,Non Fiction,0,"['whose', 'boat', 'boat', 'comments', ""n't"", 'help', 'aftermath', 'hurricane']"
345,Wild: From Lost to Found on the Pacific Crest Trail,Cheryl Strayed,4.4,17044,18,2012,Non Fiction,0,"['wild', 'lost', 'found', 'pacific', 'crest', 'trail']"
346,Winter of the World: Book Two of the Century Trilogy,Ken Follett,4.5,10760,15,2012,Fiction,1,"['winter', 'world', 'book', 'two', 'century', 'trilogy']"
347,Women Food and God: An Unexpected Path to Almost Everything,Geneen Roth,4.2,1302,11,2010,Non Fiction,0,"['women', 'food', 'god', 'unexpected', 'path', 'almost', 'everything']"
348,Wonder,R. J. Palacio,4.8,21625,9,2017,Fiction,1,['wonder']
349,Wrecking Ball (Diary of a Wimpy Kid Book 14),Jeff Kinney,4.9,9413,8,2019,Fiction,1,"['wrecking', 'ball', 'diary', 'wimpy', 'kid', 'book', '14']"
350,You Are a Badass: How to Stop Doubting Your Greatness and Start Living an Awesome Life,Jen Sincero,4.7,14331,8,2019,Non Fiction,0,"['badass', 'stop', 'doubting', 'greatness', 'start', 'living', 'awesome', 'life']"
